$__.strictMode,$__.selected._id,$__.shardval,$__.saveError,$__.validationError,$__.adhocPaths,$__.removing,$__.inserting,$__.saving,$__.version,$__.getters,$__._id,$__.populate,$__.populated,$__.wasPopulated,$__.scope,$__.activePaths.paths.user.name,$__.activePaths.paths.user.follower,$__.activePaths.paths.user.url,$__.activePaths.paths.user.fav_count,$__.activePaths.paths.id,$__.activePaths.paths.retweet,$__.activePaths.paths.created,$__.activePaths.paths.lang,$__.activePaths.paths.content,$__.activePaths.paths.__v,$__.activePaths.states.ignore,$__.activePaths.states.default,$__.activePaths.states.init.user.name,$__.activePaths.states.init.user.follower,$__.activePaths.states.init.user.url,$__.activePaths.states.init.user.fav_count,$__.activePaths.states.init.id,$__.activePaths.states.init.retweet,$__.activePaths.states.init.created,$__.activePaths.states.init.lang,$__.activePaths.states.init.content,$__.activePaths.states.init.__v,$__.activePaths.states.modify,$__.activePaths.states.require,$__.activePaths.stateNames,$__.pathsToScopes,$__.cachedRequired,$__.session,$__.ownerDocument,$__.fullPath,$__.emitter.domain,$__.emitter._events,$__.emitter._eventsCount,$__.emitter._maxListeners,$__.$options.skipId,$__.$options.isNew,$__.$options.skipDefaults.user,$__.$options.skipDefaults.user.name,$__.$options.skipDefaults.user.follower,$__.$options.skipDefaults.user.url,$__.$options.skipDefaults.user.fav_count,$__.$options.skipDefaults.id,$__.$options.skipDefaults.retweet,$__.$options.skipDefaults.created,$__.$options.skipDefaults.lang,$__.$options.skipDefaults.content,$__.$options.skipDefaults.__v,isNew,errors,_doc.user.name,_doc.user.follower,_doc.user.url,_doc.user.fav_count,_doc.id,_doc.retweet,_doc.created,_doc.lang,_doc.content,_doc.__v,$init
true,0,null,null,null,null,null,null,null,null,,null,null,null,false,null,init,init,init,init,init,init,init,init,init,init,,,true,true,true,true,true,true,true,true,true,true,,,[require;modify;init;default;ignore],,,,null,null,,,0,0,true,false,true,true,true,true,true,true,true,true,true,true,true,false,null,unchatergee1,3,,0,1050120771220267000,0,Thu Oct 11 2018 01:57:56 GMT+0530 (India Standard Time),bn,দুর্দান্ত পদক্ষেপ! অনুপ্রবেশকারী রোহিঙ্গা মুসলিমদের ফেরত পাঠানোর কাজ শুরু করলো মোদী সরকার। https://t.co/8NKXJR4GvF,0,true
true,0,null,null,null,null,null,null,null,null,,null,null,null,false,null,init,init,init,init,init,init,init,init,init,init,,,true,true,true,true,true,true,true,true,true,true,,,[require;modify;init;default;ignore],,,,null,null,,,0,0,true,false,true,true,true,true,true,true,true,true,true,true,true,false,null,Pandsush,61,,22825,1050120772591788000,0,Thu Oct 11 2018 01:57:57 GMT+0530 (India Standard Time),en,RT @meamabhishek: Congratulations to respected @priyankac19 ji for becoming Madhya Pradesh 2018 elections Spokesperson. After exposing modi…,0,true
true,0,null,null,null,null,null,null,null,null,,null,null,null,false,null,init,init,init,init,init,init,init,init,init,init,,,true,true,true,true,true,true,true,true,true,true,,,[require;modify;init;default;ignore],,,,null,null,,,0,0,true,false,true,true,true,true,true,true,true,true,true,true,true,false,null,Nkhatrii007,465,http://facebook.com/Nkhatrii7,26107,1050120774982557700,0,Thu Oct 11 2018 01:57:57 GMT+0530 (India Standard Time),hi,RT @juhiesingh: प्रधान सेवक जी, बीते चार वर्षों में आपने और आपकी सरकार ने बस जनता के पैसों पर अपनी सरकार के झूठे वादों को सच का चोला पहनाने…,0,true
true,0,null,null,null,null,null,null,null,null,,null,null,null,false,null,init,init,init,init,init,init,init,init,init,init,,,true,true,true,true,true,true,true,true,true,true,,,[require;modify;init;default;ignore],,,,null,null,,,0,0,true,false,true,true,true,true,true,true,true,true,true,true,true,false,null,narendrainc,70,,2143,1050268900372426800,0,Thu Oct 11 2018 11:46:33 GMT+0530 (India Standard Time),en,RT @divyaspandana: Do watch this explainer on #ONGCScam 
@sambitswaraj respond? https://t.co/nhJbGqRnT9,0,true
true,0,null,null,null,null,null,null,null,null,,null,null,null,false,null,init,init,init,init,init,init,init,init,init,init,,,true,true,true,true,true,true,true,true,true,true,,,[require;modify;init;default;ignore],,,,null,null,,,0,0,true,false,true,true,true,true,true,true,true,true,true,true,true,false,null,ciliegio_pic,8,https://kabe-uchiroom.com/mypage/?id=721364482887327744,466,1050268901873922000,0,Thu Oct 11 2018 11:46:33 GMT+0530 (India Standard Time),ja,RT @SP_collabo: 【B-PROJECT 3rd Anniversary Collabo Cafe】
B-PROJECT3周年を記念して、渋谷modiコンセプトカフェにて
コラボカフェを10/12(金)～11/4(日)の期間限定で開催いたします！
詳細はコチラ↓
h…,0,true
true,0,null,null,null,null,null,null,null,null,,null,null,null,false,null,init,init,init,init,init,init,init,init,init,init,,,true,true,true,true,true,true,true,true,true,true,,,[require;modify;init;default;ignore],,,,null,null,,,0,0,true,false,true,true,true,true,true,true,true,true,true,true,true,false,null,MograOm,61,,4035,1050269718144155600,0,Thu Oct 11 2018 11:49:48 GMT+0530 (India Standard Time),en,@priyankagandh Dobara Janatha murakh Kabhi Nahi Banegi aap ka samay Gaya Modi ji or Gadkari ji next government supp… https://t.co/nC2xlmT8IM,0,true
true,0,null,null,null,null,null,null,null,null,,null,null,null,false,null,init,init,init,init,init,init,init,init,init,init,,,true,true,true,true,true,true,true,true,true,true,,,[require;modify;init;default;ignore],,,,null,null,,,0,0,true,false,true,true,true,true,true,true,true,true,true,true,true,false,null,zohebahmedsyed,74,,8559,1050269719067054100,0,Thu Oct 11 2018 11:49:48 GMT+0530 (India Standard Time),en,RT @ShashiTharoor: My column asks the question: does Modi's India have a Pakistan policy? https://t.co/CdMuvKMjgr,0,true
true,0,null,null,null,null,null,null,null,null,,null,null,null,false,null,init,init,init,init,init,init,init,init,init,init,,,true,true,true,true,true,true,true,true,true,true,,,[require;modify;init;default;ignore],,,,null,null,,,0,0,true,false,true,true,true,true,true,true,true,true,true,true,true,false,null,Keshavamrao,383,,13705,1050269720585240600,0,Thu Oct 11 2018 11:49:49 GMT+0530 (India Standard Time),en,RT @mvmeet: If he was Nishant Ali, than people like 
Sagarika Ghose
Prakash Raj
Swara Bhaskar
Barkha Dutt
And especially YOU mr. Sardesai…,0,true
true,0,null,null,null,null,null,null,null,null,,null,null,null,false,null,init,init,init,init,init,init,init,init,init,init,,,true,true,true,true,true,true,true,true,true,true,,,[require;modify;init;default;ignore],,,,null,null,,,0,0,true,false,true,true,true,true,true,true,true,true,true,true,true,false,null,habgirldarlene,490,,3613,1050269720656695300,0,Thu Oct 11 2018 11:49:49 GMT+0530 (India Standard Time),en,RT @22_Minutes: Andrew Scheer in India meets with PM Modi. Topics of conversation included: "Who are you, again?" and "Why are you here?",0,true
true,0,null,null,null,null,null,null,null,null,,null,null,null,false,null,init,init,init,init,init,init,init,init,init,init,,,true,true,true,true,true,true,true,true,true,true,,,[require;modify;init;default;ignore],,,,null,null,,,0,0,true,false,true,true,true,true,true,true,true,true,true,true,true,false,null,girish663,8628,https://www.facebook.com/sharmagirishchandra,59465,1050269721126424600,0,Thu Oct 11 2018 11:49:49 GMT+0530 (India Standard Time),en,RT @INCIndia: Narendra Modi govt at Centre and Vasundhara Raje govt in Rajasthan had made big promises on employment, right MSP etc. PM Mod…,0,true
true,0,null,null,null,null,null,null,null,null,,null,null,null,false,null,init,init,init,init,init,init,init,init,init,init,,,true,true,true,true,true,true,true,true,true,true,,,[require;modify;init;default;ignore],,,,null,null,,,0,0,true,false,true,true,true,true,true,true,true,true,true,true,true,false,null,Meno_meno001,475,,19715,1050269721952583700,0,Thu Oct 11 2018 11:49:49 GMT+0530 (India Standard Time),ja,RT @SP_collabo: 【B-PROJECT 3rd Anniversary Collabo Cafe】
B-PROJECT3周年を記念して、渋谷modiコンセプトカフェにて
コラボカフェを10/12(金)～11/4(日)の期間限定で開催いたします！
詳細はコチラ↓
h…,0,true
true,0,null,null,null,null,null,null,null,null,,null,null,null,false,null,init,init,init,init,init,init,init,init,init,init,,,true,true,true,true,true,true,true,true,true,true,,,[require;modify;init;default;ignore],,,,null,null,,,0,0,true,false,true,true,true,true,true,true,true,true,true,true,true,false,null,rajkshroff,6990,,17941,1050269722057441300,0,Thu Oct 11 2018 11:49:49 GMT+0530 (India Standard Time),en,RT @Pun_Starr: Bihar Dy CM Sushil Kumar Modi has asked voters to give Narendra Modi another chance.

Basically the logic is; if a student f…,0,true
true,0,null,null,null,null,null,null,null,null,,null,null,null,false,null,init,init,init,init,init,init,init,init,init,init,,,true,true,true,true,true,true,true,true,true,true,,,[require;modify;init;default;ignore],,,,null,null,,,0,0,true,false,true,true,true,true,true,true,true,true,true,true,true,false,null,Hemantoff,67,,2775,1050269729909166100,0,Thu Oct 11 2018 11:49:51 GMT+0530 (India Standard Time),en,RT @mvmeet: No bomb blasts occurred in country for 4 yrs 

No.of ppl killed in terror attcks

UPA                Modi
406 Mumbai   0
122 De…,0,true
true,0,null,null,null,null,null,null,null,null,,null,null,null,false,null,init,init,init,init,init,init,init,init,init,init,,,true,true,true,true,true,true,true,true,true,true,,,[require;modify;init;default;ignore],,,,null,null,,,0,0,true,false,true,true,true,true,true,true,true,true,true,true,true,false,null,nageshnvp,219,,58142,1050269736918011900,0,Thu Oct 11 2018 11:49:53 GMT+0530 (India Standard Time),en,RT @Sootradhar: So Microsoft Bing Translator is being used to target Modi Sarkar 😂 https://t.co/Gg66fi9ovh,0,true
true,0,null,null,null,null,null,null,null,null,,null,null,null,false,null,init,init,init,init,init,init,init,init,init,init,,,true,true,true,true,true,true,true,true,true,true,,,[require;modify;init;default;ignore],,,,null,null,,,0,0,true,false,true,true,true,true,true,true,true,true,true,true,true,false,null,chunzcham,15,,2456,1050269723974398000,0,Thu Oct 11 2018 11:49:49 GMT+0530 (India Standard Time),en,RT @ashutosh83B: After Pranoy Roy, now @Raghav_Bahl is targeted. Raghav is one of the most credible media personalities. Now he is paying t…,0,true
true,0,null,null,null,null,null,null,null,null,,null,null,null,false,null,init,init,init,init,init,init,init,init,init,init,,,true,true,true,true,true,true,true,true,true,true,,,[require;modify;init;default;ignore],,,,null,null,,,0,0,true,false,true,true,true,true,true,true,true,true,true,true,true,false,null,adarsh_jhaa,51,,4639,1050269735445655600,0,Thu Oct 11 2018 11:49:52 GMT+0530 (India Standard Time),hi,RT @RaviDiliya: #KamalNath to RVS Mani to Drag Modi in Ishrat Jahan Case : Bahar log Rahul Gandhi ka peshaab peeney ke liye thayar hai, aap…,0,true
true,0,null,null,null,null,null,null,null,null,,null,null,null,false,null,init,init,init,init,init,init,init,init,init,init,,,true,true,true,true,true,true,true,true,true,true,,,[require;modify;init;default;ignore],,,,null,null,,,0,0,true,false,true,true,true,true,true,true,true,true,true,true,true,false,null,tv98771449,1,,5,1050269746384404500,0,Thu Oct 11 2018 11:49:55 GMT+0530 (India Standard Time),en,RT @pbhushan1: Must watch: Vinod Dua on Gadkari's frank confession that they made tall &amp; false promises ahead of elections; &amp; on Prof GD Ag…,0,true
true,0,null,null,null,null,null,null,null,null,,null,null,null,false,null,init,init,init,init,init,init,init,init,init,init,,,true,true,true,true,true,true,true,true,true,true,,,[require;modify;init;default;ignore],,,,null,null,,,0,0,true,false,true,true,true,true,true,true,true,true,true,true,true,false,null,sudhin007,29,,277,1050269750222180400,0,Thu Oct 11 2018 11:49:56 GMT+0530 (India Standard Time),en,RT @AartiTikoo: What’s wrong with India having a strong &amp; competent decision-making security team to deal with the rogue terrorist state Pa…,0,true
true,0,null,null,null,null,null,null,null,null,,null,null,null,false,null,init,init,init,init,init,init,init,init,init,init,,,true,true,true,true,true,true,true,true,true,true,,,[require;modify;init;default;ignore],,,,null,null,,,0,0,true,false,true,true,true,true,true,true,true,true,true,true,true,false,null,HetalPandya16,232,,4510,1050269739031892000,0,Thu Oct 11 2018 11:49:53 GMT+0530 (India Standard Time),en,@arjunmodhwadia I think now Narendra Modi rule the nation under head Divide and Rule ! Non Sance Those all who Divi… https://t.co/qt46mxqlg2,0,true
true,0,null,null,null,null,null,null,null,null,,null,null,null,false,null,init,init,init,init,init,init,init,init,init,init,,,true,true,true,true,true,true,true,true,true,true,,,[require;modify;init;default;ignore],,,,null,null,,,0,0,true,false,true,true,true,true,true,true,true,true,true,true,true,false,null,SanjeevkSanj,195,,13292,1050269746585882600,0,Thu Oct 11 2018 11:49:55 GMT+0530 (India Standard Time),en,PM Modi interacts with BJP Karyakartas from Five Lok Sabha Seats via NaMo App.
https://t.co/xChk8HHyXG

via NaMo App https://t.co/VN37SbAjbU,0,true
true,0,null,null,null,null,null,null,null,null,,null,null,null,false,null,init,init,init,init,init,init,init,init,init,init,,,true,true,true,true,true,true,true,true,true,true,,,[require;modify;init;default;ignore],,,,null,null,,,0,0,true,false,true,true,true,true,true,true,true,true,true,true,true,false,null,swapnil3012280,1026,,100542,1050269752935891000,0,Thu Oct 11 2018 11:49:56 GMT+0530 (India Standard Time),hi,RT @abpnewshindi: नितिन गडकरी ने कहा- सत्ता में आने के लिए हमने लंबे-लंबे वायदे किए थे, राहुल बोले- सही फरमाया है

#NitinGadkari #RahulGand…,0,true
true,0,null,null,null,null,null,null,null,null,,null,null,null,false,null,init,init,init,init,init,init,init,init,init,init,,,true,true,true,true,true,true,true,true,true,true,,,[require;modify;init;default;ignore],,,,null,null,,,0,0,true,false,true,true,true,true,true,true,true,true,true,true,true,false,null,RAJMANYARAJSHRE,212,,28433,1050269764986105900,0,Thu Oct 11 2018 11:49:59 GMT+0530 (India Standard Time),en,@Swamy39 Same way  ,
As Modi Sarkar 
has been doing for
Last more than
Four Year's
MORNINGS , , ,

Fall after FALL ,
EVERY DAY NEW LOW , , ,,0,true
true,0,null,null,null,null,null,null,null,null,,null,null,null,false,null,init,init,init,init,init,init,init,init,init,init,,,true,true,true,true,true,true,true,true,true,true,,,[require;modify;init;default;ignore],,,,null,null,,,0,0,true,false,true,true,true,true,true,true,true,true,true,true,true,false,null,bharat143keras1,51,,1504,1050269752923426800,0,Thu Oct 11 2018 11:49:56 GMT+0530 (India Standard Time),hi,RT @agrwal_akhil: 4.5 साल मे एक भी बम धमके पूरे देश मे नही हुये
देश का कोई भी नागरिक आतंकी घटना का शिकार नहीं हुआ

UPA                   Mo…,0,true
true,0,null,null,null,null,null,null,null,null,,null,null,null,false,null,init,init,init,init,init,init,init,init,init,init,,,true,true,true,true,true,true,true,true,true,true,,,[require;modify;init;default;ignore],,,,null,null,,,0,0,true,false,true,true,true,true,true,true,true,true,true,true,true,false,null,BNTripathi20,57,,9500,1050269766789677000,0,Thu Oct 11 2018 11:50:00 GMT+0530 (India Standard Time),en,RT @jigneshmevani80: MJ Akbar must resign for serious sexual misconduct, he is accused of. And, PM Modi, must resign for Rafael deal. 
Sile…,0,true
true,0,null,null,null,null,null,null,null,null,,null,null,null,false,null,init,init,init,init,init,init,init,init,init,init,,,true,true,true,true,true,true,true,true,true,true,,,[require;modify;init;default;ignore],,,,null,null,,,0,0,true,false,true,true,true,true,true,true,true,true,true,true,true,false,null,karnvahi,100,,677,1050269742534017000,0,Thu Oct 11 2018 11:49:54 GMT+0530 (India Standard Time),hi,RT @alok_bhatt: वैसे nota वाले भी राहुल गांधी का पेशाब पीने वाली लाइन में ही खड़े हैं । https://t.co/djj8dPcS8p,0,true
true,0,null,null,null,null,null,null,null,null,,null,null,null,false,null,init,init,init,init,init,init,init,init,init,init,,,true,true,true,true,true,true,true,true,true,true,,,[require;modify;init;default;ignore],,,,null,null,,,0,0,true,false,true,true,true,true,true,true,true,true,true,true,true,false,null,tri_e_k_y_gnal,67,,6837,1050269744148799500,0,Thu Oct 11 2018 11:49:54 GMT+0530 (India Standard Time),ja,RT @SP_collabo: 【B-PROJECT 3rd Anniversary Collabo Cafe】
B-PROJECT3周年を記念して、渋谷modiコンセプトカフェにて
コラボカフェを10/12(金)～11/4(日)の期間限定で開催いたします！
詳細はコチラ↓
h…,0,true
true,0,null,null,null,null,null,null,null,null,,null,null,null,false,null,init,init,init,init,init,init,init,init,init,init,,,true,true,true,true,true,true,true,true,true,true,,,[require;modify;init;default;ignore],,,,null,null,,,0,0,true,false,true,true,true,true,true,true,true,true,true,true,true,false,null,SangramsinghKu1,50,,4927,1050269750432079900,0,Thu Oct 11 2018 11:49:56 GMT+0530 (India Standard Time),hi,RT @Sayed23219671: मोदी आए थे मेरे पास अमित शाह को हत्या के मामले में बचाने के लिए : जेठमलानी https://t.co/mK35K1DIUp,0,true
true,0,null,null,null,null,null,null,null,null,,null,null,null,false,null,init,init,init,init,init,init,init,init,init,init,,,true,true,true,true,true,true,true,true,true,true,,,[require;modify;init;default;ignore],,,,null,null,,,0,0,true,false,true,true,true,true,true,true,true,true,true,true,true,false,null,shubhamp286,482,,106089,1050269751425921000,0,Thu Oct 11 2018 11:49:56 GMT+0530 (India Standard Time),en,RT @BJPLive: Mahagathbandhan a failed idea, these parties come together when there's opportunity: PM @narendramodi https://t.co/b4Yf3L1u9e…,0,true
true,0,null,null,null,null,null,null,null,null,,null,null,null,false,null,init,init,init,init,init,init,init,init,init,init,,,true,true,true,true,true,true,true,true,true,true,,,[require;modify;init;default;ignore],,,,null,null,,,0,0,true,false,true,true,true,true,true,true,true,true,true,true,true,false,null,rizwanalam14,1170,http://about.me/rizwanalam,15392,1050269753422561300,0,Thu Oct 11 2018 11:49:56 GMT+0530 (India Standard Time),en,RT @ARPANsThoughts: RSS is a Genocidal Religious Militant Organization, formed on the line of Mussolini's youth paramilitary unit 'Opera Na…,0,true
true,0,null,null,null,null,null,null,null,null,,null,null,null,false,null,init,init,init,init,init,init,init,init,init,init,,,true,true,true,true,true,true,true,true,true,true,,,[require;modify;init;default;ignore],,,,null,null,,,0,0,true,false,true,true,true,true,true,true,true,true,true,true,true,false,null,iamitsahu,557,,39037,1050269763723776000,0,Thu Oct 11 2018 11:49:59 GMT+0530 (India Standard Time),in,RT @RoflGandhi_: Ravi uncle, ye refreshment toh ruk hi nahi rahi 😭 https://t.co/MocsKTiik8,0,true
true,0,null,null,null,null,null,null,null,null,,null,null,null,false,null,init,init,init,init,init,init,init,init,init,init,,,true,true,true,true,true,true,true,true,true,true,,,[require;modify;init;default;ignore],,,,null,null,,,0,0,true,false,true,true,true,true,true,true,true,true,true,true,true,false,null,FalkonMkm,233,,12892,1050269767456571400,0,Thu Oct 11 2018 11:50:00 GMT+0530 (India Standard Time),en,@ImranKhanPTI First clean Pakistan n now affordable housing. Imitation is the best compliment to Modi . What next ?… https://t.co/DbjSOCOBXX,0,true
true,0,null,null,null,null,null,null,null,null,,null,null,null,false,null,init,init,init,init,init,init,init,init,init,init,,,true,true,true,true,true,true,true,true,true,true,,,[require;modify;init;default;ignore],,,,null,null,,,0,0,true,false,true,true,true,true,true,true,true,true,true,true,true,false,null,Meenakshi_shn,1886,,39752,1050269767574016000,0,Thu Oct 11 2018 11:50:00 GMT+0530 (India Standard Time),en,RT @rameshjmenon: @EkAurCynic @Gautham69784653 @Kuvalayamala @narendramodi We were tired of shouting at congress &amp; their ecosystem of press…,0,true
true,0,null,null,null,null,null,null,null,null,,null,null,null,false,null,init,init,init,init,init,init,init,init,init,init,,,true,true,true,true,true,true,true,true,true,true,,,[require;modify;init;default;ignore],,,,null,null,,,0,0,true,false,true,true,true,true,true,true,true,true,true,true,true,false,null,Enfielderstweet,4229,,14150,1050269769398513700,0,Thu Oct 11 2018 11:50:00 GMT+0530 (India Standard Time),en,RT @GauravPandhi: This nails every lie of the Modi Govt. According to the internal Dassault documents, accessed by French Media, partnershi…,0,true
true,0,null,null,null,null,null,null,null,null,,null,null,null,false,null,init,init,init,init,init,init,init,init,init,init,,,true,true,true,true,true,true,true,true,true,true,,,[require;modify;init;default;ignore],,,,null,null,,,0,0,true,false,true,true,true,true,true,true,true,true,true,true,true,false,null,ThomasAugustin2,18,,2150,1050269780635213800,0,Thu Oct 11 2018 11:50:03 GMT+0530 (India Standard Time),en,RT @pbhushan1: Sensational!The No 2 person in Dassault in an internal document said the 21K offset contract to Ambani's company was a quid…,0,true
true,0,null,null,null,null,null,null,null,null,,null,null,null,false,null,init,init,init,init,init,init,init,init,init,init,,,true,true,true,true,true,true,true,true,true,true,,,[require;modify;init;default;ignore],,,,null,null,,,0,0,true,false,true,true,true,true,true,true,true,true,true,true,true,false,null,tv98771449,1,,5,1050269783172640800,0,Thu Oct 11 2018 11:50:04 GMT+0530 (India Standard Time),und,RT @abhisar_sharma: रफाल पर @PMOIndia  सरकार गलत साबित हो रही है। जनता को झूठ  नही। 
देखिये।  Modi govt is terribly exposed after the lates…,0,true
true,0,null,null,null,null,null,null,null,null,,null,null,null,false,null,init,init,init,init,init,init,init,init,init,init,,,true,true,true,true,true,true,true,true,true,true,,,[require;modify;init;default;ignore],,,,null,null,,,0,0,true,false,true,true,true,true,true,true,true,true,true,true,true,false,null,aabothale,534,http://mcaf.ee/o8ulm0?aabothale,14003,1050269786020728800,0,Thu Oct 11 2018 11:50:04 GMT+0530 (India Standard Time),en,RT @DaaruBaazMehta: SHARE MAX

Senior Journalist Nilanjan Mukhopadhyaya Explains How Modi Govt is using the Central Agencies as Vendetta to…,0,true
true,0,null,null,null,null,null,null,null,null,,null,null,null,false,null,init,init,init,init,init,init,init,init,init,init,,,true,true,true,true,true,true,true,true,true,true,,,[require;modify;init;default;ignore],,,,null,null,,,0,0,true,false,true,true,true,true,true,true,true,true,true,true,true,false,null,SamKhan999,6118,http://www.amazon.in/gp/aw/d/9385665383/ref=mp_s_a_1_1?ie=UTF8&qid=1480688871&sr=1-1&pi=SY200_QL40&k,58847,1050269787966697500,0,Thu Oct 11 2018 11:50:05 GMT+0530 (India Standard Time),en,Another Modi litter,0,true
true,0,null,null,null,null,null,null,null,null,,null,null,null,false,null,init,init,init,init,init,init,init,init,init,init,,,true,true,true,true,true,true,true,true,true,true,,,[require;modify;init;default;ignore],,,,null,null,,,0,0,true,false,true,true,true,true,true,true,true,true,true,true,true,false,null,nitramoffl,90,,2687,1050269788788801500,0,Thu Oct 11 2018 11:50:05 GMT+0530 (India Standard Time),en,@IYC Son of  all scams #modi #BJP420Party  #smart_criminals,0,true
true,0,null,null,null,null,null,null,null,null,,null,null,null,false,null,init,init,init,init,init,init,init,init,init,init,,,true,true,true,true,true,true,true,true,true,true,,,[require;modify;init;default;ignore],,,,null,null,,,0,0,true,false,true,true,true,true,true,true,true,true,true,true,true,false,null,MsNaughtySweet,255,,11814,1050269789241966600,0,Thu Oct 11 2018 11:50:05 GMT+0530 (India Standard Time),en,RT @t_d_h_nair: Income Tax officials are “surveying” The Quint Mumbai Office.

Modi govt is harassing people and organisations by using gov…,0,true
true,0,null,null,null,null,null,null,null,null,,null,null,null,false,null,init,init,init,init,init,init,init,init,init,init,,,true,true,true,true,true,true,true,true,true,true,,,[require;modify;init;default;ignore],,,,null,null,,,0,0,true,false,true,true,true,true,true,true,true,true,true,true,true,false,null,muniyalgautam,135,,11706,1050269789434798100,0,Thu Oct 11 2018 11:50:05 GMT+0530 (India Standard Time),en,RT @iScrew: If there was a Vinod Rai claiming UPA style scams targeting Modi Govt, he’d have either been found dead or imprisoned. https://…,0,true
true,0,null,null,null,null,null,null,null,null,,null,null,null,false,null,init,init,init,init,init,init,init,init,init,init,,,true,true,true,true,true,true,true,true,true,true,,,[require;modify;init;default;ignore],,,,null,null,,,0,0,true,false,true,true,true,true,true,true,true,true,true,true,true,false,null,Shaik7321,69,,13020,1050269786377048000,0,Thu Oct 11 2018 11:50:04 GMT+0530 (India Standard Time),en,RT @Pun_Starr: Bihar Dy CM Sushil Kumar Modi has asked voters to give Narendra Modi another chance.

Basically the logic is; if a student f…,0,true
true,0,null,null,null,null,null,null,null,null,,null,null,null,false,null,init,init,init,init,init,init,init,init,init,init,,,true,true,true,true,true,true,true,true,true,true,,,[require;modify;init;default;ignore],,,,null,null,,,0,0,true,false,true,true,true,true,true,true,true,true,true,true,true,false,null,TSRajan1,29,,83,1050269789770387500,0,Thu Oct 11 2018 11:50:05 GMT+0530 (India Standard Time),en,RT @KPGBJP: World leaders should follow PM Modi : UN Secretary General.

A proud moment for Indians Across the World! https://t.co/sYdLCDjC…,0,true
true,0,null,null,null,null,null,null,null,null,,null,null,null,false,null,init,init,init,init,init,init,init,init,init,init,,,true,true,true,true,true,true,true,true,true,true,,,[require;modify;init;default;ignore],,,,null,null,,,0,0,true,false,true,true,true,true,true,true,true,true,true,true,true,false,null,arbindkrc,204,,7820,1050269792140066800,0,Thu Oct 11 2018 11:50:06 GMT+0530 (India Standard Time),en,RT @waglenikhil: Raghav not only supported Modi, but tried to pressurise few editors in Network18. Now he must be repenting. I support him…,0,true
true,0,null,null,null,null,null,null,null,null,,null,null,null,false,null,init,init,init,init,init,init,init,init,init,init,,,true,true,true,true,true,true,true,true,true,true,,,[require;modify;init;default;ignore],,,,null,null,,,0,0,true,false,true,true,true,true,true,true,true,true,true,true,true,false,null,Keshavamrao,383,,13707,1050269800990048300,0,Thu Oct 11 2018 11:50:08 GMT+0530 (India Standard Time),en,RT @mvmeet: Modi govt will exchange rice for Iran's oil! 
Here's how this masterstroke of "Chaiwala" will strengthen the value of Indian ru…,0,true
true,0,null,null,null,null,null,null,null,null,,null,null,null,false,null,init,init,init,init,init,init,init,init,init,init,,,true,true,true,true,true,true,true,true,true,true,,,[require;modify;init;default;ignore],,,,null,null,,,0,0,true,false,true,true,true,true,true,true,true,true,true,true,true,false,null,shubhamamdhare,2270,,35553,1050269802340569100,0,Thu Oct 11 2018 11:50:08 GMT+0530 (India Standard Time),en,RT @INCIndia: Looks like the Modi Govt is now afraid of its own "caged parrot"
https://t.co/AClujWh45i,0,true
true,0,null,null,null,null,null,null,null,null,,null,null,null,false,null,init,init,init,init,init,init,init,init,init,init,,,true,true,true,true,true,true,true,true,true,true,,,[require;modify;init;default;ignore],,,,null,null,,,0,0,true,false,true,true,true,true,true,true,true,true,true,true,true,false,null,iRanjanDutta,3,,42,1050269802751844400,0,Thu Oct 11 2018 11:50:08 GMT+0530 (India Standard Time),en,RT @vhsindia: Interview with Dr Subramanian Swamy: Economically We Have Failed But Narendra Modi Will Win 2019 On Hindutva https://t.co/oE5…,0,true
true,0,null,null,null,null,null,null,null,null,,null,null,null,false,null,init,init,init,init,init,init,init,init,init,init,,,true,true,true,true,true,true,true,true,true,true,,,[require;modify;init;default;ignore],,,,null,null,,,0,0,true,false,true,true,true,true,true,true,true,true,true,true,true,false,null,ManaloViring,83,,9114,1050269803657609200,0,Thu Oct 11 2018 11:50:08 GMT+0530 (India Standard Time),tl,RT @AldenTrendsOFC: Hammerman no more?

Tuluyan na ngang ipinaubaya ni Victor ang Mjolnir kay Modi. Ngunit anong klaseng panganib ang kaaki…,0,true
true,0,null,null,null,null,null,null,null,null,,null,null,null,false,null,init,init,init,init,init,init,init,init,init,init,,,true,true,true,true,true,true,true,true,true,true,,,[require;modify;init;default;ignore],,,,null,null,,,0,0,true,false,true,true,true,true,true,true,true,true,true,true,true,false,null,SadhanaSingh16,605,,17421,1050269803603214300,0,Thu Oct 11 2018 11:50:08 GMT+0530 (India Standard Time),en,RT @priyankac19: Dassault Paper Shows Reliance Mandatory For Rafale Deal: Report
Truth bombs have now hit Modi govt’s castle of lies with p…,0,true
true,0,null,null,null,null,null,null,null,null,,null,null,null,false,null,init,init,init,init,init,init,init,init,init,init,,,true,true,true,true,true,true,true,true,true,true,,,[require;modify;init;default;ignore],,,,null,null,,,0,0,true,false,true,true,true,true,true,true,true,true,true,true,true,false,null,mayurpanghaal,1395,http://about.me/mayur.panghaal,83543,1050269804974809100,0,Thu Oct 11 2018 11:50:09 GMT+0530 (India Standard Time),en,RT @DaaruBaazMehta: SHARE MAX

Senior Journalist Nilanjan Mukhopadhyaya Explains How Modi Govt is using the Central Agencies as Vendetta to…,0,true
true,0,null,null,null,null,null,null,null,null,,null,null,null,false,null,init,init,init,init,init,init,init,init,init,init,,,true,true,true,true,true,true,true,true,true,true,,,[require;modify;init;default;ignore],,,,null,null,,,0,0,true,false,true,true,true,true,true,true,true,true,true,true,true,false,null,8shivamsundaram,250,,8372,1050269806492938200,0,Thu Oct 11 2018 11:50:09 GMT+0530 (India Standard Time),en,@vandanaragrawal @ajaykumar2697 @meamabhishek pedis will also drink urine of Rahul gandhi
https://t.co/bpmZXuAM5F,0,true
true,0,null,null,null,null,null,null,null,null,,null,null,null,false,null,init,init,init,init,init,init,init,init,init,init,,,true,true,true,true,true,true,true,true,true,true,,,[require;modify;init;default;ignore],,,,null,null,,,0,0,true,false,true,true,true,true,true,true,true,true,true,true,true,false,null,ShivRajMathur1,1738,,68083,1050269808191856600,0,Thu Oct 11 2018 11:50:09 GMT+0530 (India Standard Time),en,RT @RaisinaSeries: Modi Govt’s displays of vindictiveness with series of IT raids in the last day just underline its own increasingly dire…,0,true
true,0,null,null,null,null,null,null,null,null,,null,null,null,false,null,init,init,init,init,init,init,init,init,init,init,,,true,true,true,true,true,true,true,true,true,true,,,[require;modify;init;default;ignore],,,,null,null,,,0,0,true,false,true,true,true,true,true,true,true,true,true,true,true,false,null,karin0804,144,http://twpf.jp/karin0804,8814,1050269820929769500,0,Thu Oct 11 2018 11:50:13 GMT+0530 (India Standard Time),ja,RT @SP_collabo: 【B-PROJECT 3rd Anniversary Collabo Cafe】
B-PROJECT3周年を記念して、渋谷modiコンセプトカフェにて
コラボカフェを10/12(金)～11/4(日)の期間限定で開催いたします！
詳細はコチラ↓
h…,0,true
true,0,null,null,null,null,null,null,null,null,,null,null,null,false,null,init,init,init,init,init,init,init,init,init,init,,,true,true,true,true,true,true,true,true,true,true,,,[require;modify;init;default;ignore],,,,null,null,,,0,0,true,false,true,true,true,true,true,true,true,true,true,true,true,false,null,EkRationalist,25,,9639,1050269820812386300,0,Thu Oct 11 2018 11:50:13 GMT+0530 (India Standard Time),in,RT @RoflGandhi_: Ravi uncle, ye refreshment toh ruk hi nahi rahi 😭 https://t.co/MocsKTiik8,0,true
true,0,null,null,null,null,null,null,null,null,,null,null,null,false,null,init,init,init,init,init,init,init,init,init,init,,,true,true,true,true,true,true,true,true,true,true,,,[require;modify;init;default;ignore],,,,null,null,,,0,0,true,false,true,true,true,true,true,true,true,true,true,true,true,false,null,NedunseliianSt,130,,3909,1050269824104853500,0,Thu Oct 11 2018 11:50:13 GMT+0530 (India Standard Time),en,RT @INCIndia: Looks like the Modi Govt is now afraid of its own "caged parrot"
https://t.co/AClujWh45i,0,true
true,0,null,null,null,null,null,null,null,null,,null,null,null,false,null,init,init,init,init,init,init,init,init,init,init,,,true,true,true,true,true,true,true,true,true,true,,,[require;modify;init;default;ignore],,,,null,null,,,0,0,true,false,true,true,true,true,true,true,true,true,true,true,true,false,null,devalgp,1176,,19559,1050269827032670200,0,Thu Oct 11 2018 11:50:14 GMT+0530 (India Standard Time),en,RT @teawithdev: Thank you Supreme Court for thoroughly exposing Congress on Dassault Aviation Rafale deal.
Watch this video and know how Co…,0,true
true,0,null,null,null,null,null,null,null,null,,null,null,null,false,null,init,init,init,init,init,init,init,init,init,init,,,true,true,true,true,true,true,true,true,true,true,,,[require;modify;init;default;ignore],,,,null,null,,,0,0,true,false,true,true,true,true,true,true,true,true,true,true,true,false,null,harihar_kalita,1,,157,1050269827854520300,0,Thu Oct 11 2018 11:50:14 GMT+0530 (India Standard Time),en,Dussehra bonanza for Indian Railways employees! Up to Rs 18,000 bonus approved by Modi government… https://t.co/TqV1l8R1jL,0,true
true,0,null,null,null,null,null,null,null,null,,null,null,null,false,null,init,init,init,init,init,init,init,init,init,init,,,true,true,true,true,true,true,true,true,true,true,,,[require;modify;init;default;ignore],,,,null,null,,,0,0,true,false,true,true,true,true,true,true,true,true,true,true,true,false,null,natureNspirits,741,,22800,1050269834347458600,0,Thu Oct 11 2018 11:50:16 GMT+0530 (India Standard Time),en,RT @RaisinaSeries: Modi Govt’s displays of vindictiveness with series of IT raids in the last day just underline its own increasingly dire…,0,true
true,0,null,null,null,null,null,null,null,null,,null,null,null,false,null,init,init,init,init,init,init,init,init,init,init,,,true,true,true,true,true,true,true,true,true,true,,,[require;modify;init;default;ignore],,,,null,null,,,0,0,true,false,true,true,true,true,true,true,true,true,true,true,true,false,null,i_Sushant10,845,,2045,1050269835005845500,0,Thu Oct 11 2018 11:50:16 GMT+0530 (India Standard Time),en,RT @SRKpePHD: This one is for those fools who still spam @iamsrk for that Fake Narendra Modi tweet of KRK. https://t.co/ITMhRVABqK,0,true
true,0,null,null,null,null,null,null,null,null,,null,null,null,false,null,init,init,init,init,init,init,init,init,init,init,,,true,true,true,true,true,true,true,true,true,true,,,[require;modify;init;default;ignore],,,,null,null,,,0,0,true,false,true,true,true,true,true,true,true,true,true,true,true,false,null,zomorin,182,,3823,1050269836947779600,0,Thu Oct 11 2018 11:50:16 GMT+0530 (India Standard Time),en,@ndtv Just coz he is fighting Modi ,rather resorting objectively,so shameful,0,true
true,0,null,null,null,null,null,null,null,null,,null,null,null,false,null,init,init,init,init,init,init,init,init,init,init,,,true,true,true,true,true,true,true,true,true,true,,,[require;modify;init;default;ignore],,,,null,null,,,0,0,true,false,true,true,true,true,true,true,true,true,true,true,true,false,null,sociogk,165,,31127,1050269842199244800,0,Thu Oct 11 2018 11:50:18 GMT+0530 (India Standard Time),en,RT @DaaruBaazMehta: SHARE MAX

Senior Journalist Nilanjan Mukhopadhyaya Explains How Modi Govt is using the Central Agencies as Vendetta to…,0,true
true,0,null,null,null,null,null,null,null,null,,null,null,null,false,null,init,init,init,init,init,init,init,init,init,init,,,true,true,true,true,true,true,true,true,true,true,,,[require;modify;init;default;ignore],,,,null,null,,,0,0,true,false,true,true,true,true,true,true,true,true,true,true,true,false,null,JaiBhatt1,111,,23,1050269842480103400,0,Thu Oct 11 2018 11:50:18 GMT+0530 (India Standard Time),hi,@narendramodi @BJP4India Jai mata di 2019 me safal bjp jai hind jai bharat har har modi ghar ghar modi,0,true
true,0,null,null,null,null,null,null,null,null,,null,null,null,false,null,init,init,init,init,init,init,init,init,init,init,,,true,true,true,true,true,true,true,true,true,true,,,[require;modify;init;default;ignore],,,,null,null,,,0,0,true,false,true,true,true,true,true,true,true,true,true,true,true,false,null,AnithaGowdaR,9,,624,1050269843222618100,0,Thu Oct 11 2018 11:50:18 GMT+0530 (India Standard Time),en,RT @RakshaRamaiah: I.T raids on @TheQuint offices and its founder @Raghav_Bahl home are cause for serious concern. This is witch-hunt to an…,0,true
true,0,null,null,null,null,null,null,null,null,,null,null,null,false,null,init,init,init,init,init,init,init,init,init,init,,,true,true,true,true,true,true,true,true,true,true,,,[require;modify;init;default;ignore],,,,null,null,,,0,0,true,false,true,true,true,true,true,true,true,true,true,true,true,false,null,Krantikara,555,,43689,1050269843566600200,0,Thu Oct 11 2018 11:50:18 GMT+0530 (India Standard Time),en,RT @ashutosh83B: After Pranoy Roy, now @Raghav_Bahl is targeted. Raghav is one of the most credible media personalities. Now he is paying t…,0,true
true,0,null,null,null,null,null,null,null,null,,null,null,null,false,null,init,init,init,init,init,init,init,init,init,init,,,true,true,true,true,true,true,true,true,true,true,,,[require;modify;init;default;ignore],,,,null,null,,,0,0,true,false,true,true,true,true,true,true,true,true,true,true,true,false,null,Ansari75291795,60,,6502,1050269844195684400,0,Thu Oct 11 2018 11:50:18 GMT+0530 (India Standard Time),und,RT @abhisar_sharma: रफाल पर @PMOIndia  सरकार गलत साबित हो रही है। जनता को झूठ  नही। 
देखिये।  Modi govt is terribly exposed after the lates…,0,true
true,0,null,null,null,null,null,null,null,null,,null,null,null,false,null,init,init,init,init,init,init,init,init,init,init,,,true,true,true,true,true,true,true,true,true,true,,,[require;modify;init;default;ignore],,,,null,null,,,0,0,true,false,true,true,true,true,true,true,true,true,true,true,true,false,null,coachlila,180,,46841,1050269848897347600,0,Thu Oct 11 2018 11:50:19 GMT+0530 (India Standard Time),en,RT @22_Minutes: Andrew Scheer in India meets with PM Modi. Topics of conversation included: "Who are you, again?" and "Why are you here?",0,true
